feature_1,feature_2,feature_3,feature_4,feature_5,category_a,category_b,label
3.01471170930221,-1.0782181701163007,-0.17168507736928265,0.0845149606246054,1.9603140698911368,,Low,1
0.6265947999958954,0.3770902204267797,0.44323809808521286,8.39207953039459,-1.5752478081369583,Z,High,1
-0.668751713577545,-0.3551165654431084,-0.00480518632728754,0.3199446014432472,-3.9203755188916443,Y,Medium,0
-0.2246229235914776,-1.299637669862416,-0.5937615564013348,9.401798347292413,-4.303541322517344,Y,High,1
-0.8774547400031002,2.177052647488376,-1.2566472506290483,8.920743510936207,0.8893602256254782,Z,Medium,1
-2.4045495258503897,-1.1246550393159365,0.16851340233342924,5.355219160859636,0.20655353734111515,Z,Low,0
0.3126509912073227,1.0921029610193338,0.3788336326894784,5.435955749112921,2.422010091211325,Y,Low,1
1.7824542165573145,-1.4764636416218018,0.6953772364017292,6.537779229561563,0.09735510003937087,Z,Medium,1
-1.630557202247304,0.4565023351677955,1.9127268503065222,3.8705001193488697,-0.7755420996912088,Z,Medium,0
0.055262595879017724,-0.25056036861869124,-2.173768904413992,6.472222833978555,-1.0191282176376912,Z,Medium,1
-0.7069047791375971,-0.6290567313584048,-0.06771719735270462,0.4476838868848687,-4.735530974023325,Z,Low,0
0.5215025255698525,0.19674232376570605,1.1917378358214277,0.5404762734972657,-1.6444279830334283,Y,Medium,0
-0.17233015672456595,0.06225985632933222,-0.12452242443886458,4.572304196195444,4.760201575244942,Z,Medium,0
-1.360054654417601,-0.8124651836820451,-2.33817245369327,5.49622301106035,3.735555762270888,X,High,0
-0.9811037139497356,-0.8577388807870001,-1.2910395748499208,8.87817640335819,-1.7062193296578232,Z,Medium,1
-0.8303005319842076,-1.573914211994401,0.3285698496773193,1.0466063390789626,0.877954050663722,X,High,0
1.3443182079872078,0.3055643843570512,0.2921972948833408,8.226479271938894,3.47296745535494,Z,High,1
1.293259276930151,-1.2538048271000084,0.6725196983410208,2.100473372920696,-0.5872566324993134,X,High,0
-0.31134788711269756,0.00397495651718248,-0.7810089435481842,3.9408364851003186,-4.82042136249849,X,Low,0
1.2278034334513466,0.5924779841207163,0.2598832349192977,3.166024348274129,-4.254895381813599,Z,High,1
-0.17318383939617413,0.2080550318240542,-0.9458633078963248,4.00155272865399,0.1039272134870659,Z,Medium,1
-0.3266627584501871,-0.7231312980172583,0.2599579936436911,1.5049549807258555,4.6943937567587835,Z,Low,0
0.057117840551174894,0.9088124113499689,0.053212197103539735,5.03570074403555,1.9320954221886772,X,Low,1
0.2848252786236364,-0.40797147810125295,-0.8208600201629043,8.016425898313672,-4.290838085614305,Y,Low,1
-0.5554447928650015,-1.334160759004991,1.558183630762687,4.415340103788969,-3.106391242081372,Y,Low,0
0.02186574218222265,-0.28372750445327777,-1.705635950162387,4.906135758981991,2.7132314321685005,Z,Low,1
0.7873225056465234,0.5867973779847261,-0.14162098301052742,8.487675852813142,3.414397599562447,Y,Low,1
0.12953963920604702,-0.6744143144101269,-0.8429055643243101,7.060581146380308,1.1769458618859083,Y,Low,0
0.04278290212432007,0.8781824149703045,1.8342020358562743,4.9045440851978475,1.444231696298166,Z,High,0
0.494180214280795,-0.7703260652176507,0.5983980076204188,2.5769564818917967,-4.716625496166154,X,Medium,1
0.6667060608586094,-0.6342131936855273,-0.6493103753703896,8.849267468449666,3.285302595815086,Z,Medium,1
-0.0626158186129225,-1.0460790158532527,-0.2797152893203726,5.770204016905583,2.882752081708296,Y,High,0
-0.4741810570781488,0.6837095369080293,1.861257373980529,2.2114761011069337,-2.4096485589665284,X,High,0
0.18920330347423522,-0.05324257008920245,,2.691197526380104,2.0867671996550694,Y,Low,0
-1.5939637298232994,-0.9797619477439743,-1.7644481722305585,8.03133088936246,-2.851453935750019,X,Low,0
-0.21032199550385486,-0.3962103422811035,0.2910068624638142,0.4414556208745546,-4.59669838948487,Y,High,0
-2.4715599083142608,-3.0711509878990277,0.3136403674078202,9.9209218702882,-2.9886345740962272,Z,Low,0
-1.6757917834365006,0.7779723634666434,0.6660345733898599,1.3035167971479178,-3.2137112324570047,,Medium,0
-1.8261858494167107,-0.1707466394983074,0.6726257608719525,7.960685253969374,-1.6225200326515274,Y,Medium,0
1.0473517424530512,-2.406238151009897,1.7707056507337993,3.9477531677168285,-0.8155050282454193,X,Low,0
0.013981815969324855,-1.4566814413240818,-1.7181374903760358,4.922161832874669,0.08538891497707901,Y,Low,1
-1.2620490232163346,-0.4215940625576031,-1.202803194645333,8.806505774645778,-0.2324612449167187,Z,Low,0
0.4910660434453565,-1.314170759104837,0.6622033339461874,4.129111895892132,-2.2932539403471064,Z,Medium,0
0.9886544793665183,0.7933493236860584,-1.1056255017144403,5.374937536732345,-4.708293314259255,,Low,1
0.5084855561473737,0.41857288599115444,-1.4565879732593636,0.4929966240916994,1.0510162223715067,X,High,1
-0.1887101284925862,0.35953594351786894,1.8658445522852707,0.023474738674531537,-1.042551701526456,X,Low,0
0.23248661841936719,-2.604346935214705,-1.6199421316642872,2.447998730017259,-2.013278426124503,Y,High,0
0.9014965331427323,-0.525458414206894,-0.35127203711064553,6.805830929187673,3.669410428305124,Y,Low,1
-0.4692458376626558,-0.6976164506090564,-0.05936745123140444,1.212648933591367,2.467433077981598,Y,Low,0
0.029866923257825532,-0.9540544541045877,1.3091366419632775,1.1376195880454942,3.5776554837244223,X,Medium,0
-0.2571930446064312,-0.41517528116371183,,4.109606080359033,-0.05017205287539017,X,High,1
-1.6134158526524858,-1.1262382070860628,0.41547515150624903,6.478370386082265,-3.690687478732225,Y,High,0
0.9165681806443017,0.215220732950218,-0.8903770582600778,7.120719922479305,1.962214361212724,X,High,1
2.05727186499401,0.7665513543377717,0.6276112125924505,1.7845067409837478,-2.9392622006282476,X,Medium,1
-0.8737946212411899,0.6803837384236716,-0.9068077260268592,0.7958814737204245,-0.5877033090828316,Z,High,0
0.9626802348862991,-0.1379112517114806,1.5723062561857772,9.403970339455443,-4.349992110511115,Z,Medium,1
-0.8419937797616007,1.9992396963335024,-0.9009700184262551,2.606663825621017,3.2530840242298247,Y,Low,1
0.1327878150770647,1.1399751145005097,-2.4619797058899167,8.533464976087238,-3.740593589524994,Y,Low,1
1.5080122737897765,-0.10155820367255168,-0.7888492497413011,8.634914504628183,4.030975070493097,Z,High,1
-0.520438985392111,-0.4822722102015164,-0.26130011056889496,7.725225917625444,3.6423060226155712,X,Low,0
-0.014686414391873468,1.3380271627819205,,1.6883360665257008,-0.3541723556075391,,Low,1
-1.8015029965080767,1.0075806827627332,,8.218014592542003,2.4436820430399067,Y,High,0
-0.6642043439462315,-1.4104272038242296,-1.2386461271140756,7.692505592415867,1.1944507381815326,Y,Low,1
-1.9062723220007058,1.0858213192287456,0.9605779037089842,5.967229901062171,3.030756423377449,,High,0
0.4291781198749986,-0.154373534723929,-1.375225117962206,3.3720203516895273,-0.6819489921408799,Z,High,1
0.8316375589515773,-0.8609115305933583,,2.625086042665441,2.8580848424434997,Y,Low,1
-0.22163488657080457,-1.9792058592406632,-0.1586511834690122,1.2188921208035897,-0.3754318293485204,Z,Low,0
0.28588696725679236,-0.2689161946978014,0.21757953634296223,5.097570669008714,4.409657878427938,Z,Low,1
-0.3257304552504472,-0.01222758521992526,-0.7498482103826004,5.852608755098466,-0.1362789917485241,X,Low,0
0.7405453658744364,1.5873276541102175,-0.9269943866745629,3.5933899051578724,-0.37380728066270485,X,Low,1
0.12946193512519885,0.9572338077486858,0.3348944417522922,4.7535906768086855,2.8507186156351274,X,Medium,1
-1.9856633558035592,-0.5828867213760348,-0.8959958531697858,3.635144573692667,3.2157769176083804,X,Low,0
0.9399808180928202,0.38934239421973693,-1.3599691901191746,6.410060573207012,0.5448911432117072,X,Medium,1
-0.3895427945831535,0.8262494226728235,1.2277999878516854,9.012592077965634,-3.202021865049246,X,High,1
-1.2703794712084044,0.08595738801721546,0.48809538137918235,1.6392026204694488,-0.32241769042420465,Y,Low,0
-0.43893397234400294,-0.5871541590312039,1.7675023957653402,3.8140880990312342,4.680725029096784,Z,Low,0
-1.9020696485464397,-0.5321724562434457,0.7839676512169459,1.4086860395086132,2.529861930391851,X,Low,0
-1.2498893112390432,0.38547307045695217,-1.2681436516314983,6.2494377040783196,3.1116260387913215,Y,High,1
0.14294961011538876,0.41298056552504697,0.09636924005999573,7.288705094885958,-4.671745011807599,Z,Medium,1
0.2267116863405662,-0.2929546157635447,-1.015628254718246,9.31912732597456,-0.3214053736584006,X,Medium,1
0.30643883425516816,-2.6191522050533393,-1.6516095967182838,2.788719262609649,1.4662113365755536,X,Low,0
0.003209867763497622,-1.2905227272912905,,9.502112058654301,3.300326836280746,Y,Low,1
-0.6928651234720118,0.6196889216121123,0.9815328752991211,0.632626718206748,-4.5072634641722855,Z,Low,0
-0.054459139460565284,-2.1308379973558758,0.27491271078750706,6.0301386336458815,3.5243888564187316,X,Low,0
-0.43720744694788527,1.1841810163672148,,0.5713271934332997,0.4840093674191168,Z,High,1
-1.625781598075184,1.036157261138504,-0.48234157521273674,8.937741877619448,-3.026860294239401,Y,Low,0
-0.7724149910105881,0.04109638193320572,-0.1428665853419799,5.298090570700541,-1.827447835503,X,High,0
0.8895412311690245,0.5979310342286077,-1.6891124539708449,6.693483507627961,-2.1807044824843924,Z,Low,1
1.5882941520549443,0.5287746783588859,0.7131723652486122,8.315739259104525,0.3085903428847576,Y,Medium,1
0.6512750441186885,-0.11687312836621294,,1.5031062248396876,-4.483143200888682,Y,Medium,1
1.5436977609924138,-1.37388911758857,-1.3905948609320575,0.38591561938133845,-3.4146384150007645,X,Low,0
0.08538861013495828,0.9672729750616863,-1.4471735937410677,8.788811459128521,3.126930433757824,Z,Low,1
1.7423760847025391,1.407230011383635,1.100663944921611,3.149332274589325,-3.6739600925318894,X,High,1
2.0544884403285804,-1.208590524242342,-0.3808130321457192,1.2897890792716526,-2.6660373054187305,X,Low,1
-1.733469498036188,-1.4112550051696995,1.1903520289564116,4.684612370870865,-0.4662939439584264,Z,Low,0
0.22149330713283266,-0.13679690475734085,1.5721554799027153,5.983060756960188,0.171208881133305,Z,Low,0
0.08643018908754228,-0.6262245956364498,1.0224482728559243,0.30970603422510123,2.636104796141586,Z,Medium,0
-0.42410381558409904,0.14494924020545913,-0.5334317466174908,2.7489565825708775,-0.5266757333381218,Y,High,0
0.4919155381513867,1.2079940398603866,-2.4978471195672807,0.3279987427689601,2.8986462103553876,Y,Medium,1
0.04112506864187696,-2.2456704382724957,0.31299630453482846,4.20335389195499,1.1834630704545743,Z,High,0
-0.7354489203920433,1.5812719516191547,2.091576369778548,8.951000290662442,-3.8690026057617755,Y,Medium,1
-0.026605105036981547,-0.40666844187691986,-0.0353900781738251,9.826524114935692,-3.436685616071614,X,Low,1
1.2045945793683899,0.5117789786504942,,6.370475535036276,-0.6296627455022916,Z,Medium,1
0.18253809688267564,0.6187258381044658,-0.6748784964301175,1.616376937845918,-1.0311060691096041,X,Medium,1
0.6269547482561325,0.7353411541977961,-0.18373327476680484,9.058493899993058,2.435442696372946,Z,High,1
-0.27705310027909125,0.061908104029996795,-1.0979885674197973,5.162478232000605,0.8073713979735189,X,High,0
0.4520640101516148,0.29556060178674576,-2.563953967979889,1.537493121029181,-1.1186691899775072,Z,Medium,1
-1.2092145304831798,0.2890220506054031,-0.09785077021512495,9.217266694516614,-3.2923971654961437,X,High,1
-0.4997204994197924,-0.6302828007794473,-0.7848762463576265,7.57469050723103,-2.7316289767450486,Z,High,0
-0.10266860856592804,-1.7580551914371976,1.7726916608999155,7.317052727231515,0.7550101846905903,Z,High,0
-1.2763359206265377,-1.2191858277651948,0.10103348798279618,7.091807037944047,-0.7656119510020751,Y,High,0
-0.8302167188922722,-0.10423797949803458,0.46957889689839183,2.0033982109644235,0.14927508860672045,,High,0
0.3131117685738916,-0.786806656896385,-0.11908614349605941,2.110066917075261,-3.293225646977663,Y,Medium,0
0.12983191628803234,-0.784496072389535,0.09373330317385331,6.88292998427255,1.6290625234456577,X,High,0
0.8063654246577088,1.7992510456861954,-1.6522992883621435,2.197227501103969,3.52538740855967,Y,Low,1
-0.600511018185164,0.8588947966598731,-1.0401663052212893,4.3867169680304885,-2.420604932130994,Z,Medium,0
0.057602226005241515,-0.2520759659099735,1.0886147013193521,7.820018255939414,-0.08485774168173421,Y,Medium,1
-0.6718674108838283,0.672034945655442,0.20946196973019687,7.839525180978409,4.7552732902090185,Y,Medium,1
0.7061285491093263,-0.42026860559090073,-0.3985069178825137,4.532617725258596,-1.6675825944927238,Z,High,1
1.1907461160252475,0.11072343418649651,0.4861712414658739,7.921899382752451,0.9504634492376116,Y,Low,1
0.4833248272528027,0.44162864841891597,0.5058619098405933,8.386217961980568,-4.098042997997556,Z,High,1
1.0611942762765827,-0.41760596777187864,,6.547757512842603,1.0601500247944315,X,Medium,1
0.03249986288786191,-0.6852505475370957,0.1630663438855776,2.2842585230842016,-4.103682266953821,Y,Medium,1
0.8055938349951759,1.223931818468504,-1.0625075755103008,2.740117803855475,4.592354353238221,Z,Medium,1
0.07541774261246036,0.6141129671981066,-0.11569648291566763,3.1484115540873536,2.1566265207231137,Z,Medium,1
-1.0249280665857678,-2.2546108782927172,0.6075656271213766,1.16804107733952,2.881597881357064,Y,High,0
0.24672138869860635,-0.6681359300316102,0.9956590114287024,2.731596203699451,2.041043607716368,X,Low,0
-0.9952966937905094,-0.7812724996943938,-1.6150318721278794,2.095192243125321,0.8972903607646572,Y,Low,0
2.3391289515689104,-0.6211380888123978,0.2537067194918132,4.553287498086021,-0.5008721891449461,Z,Medium,1
-0.33408815877533443,0.8624022887588952,-0.8972549274981164,9.084375478722649,3.5837337976106234,X,Low,1
0.6450378554489973,0.019205968003691544,-0.5666319246194422,1.0448031675395808,4.56835667543063,Y,Medium,1
-0.012413219525594604,-1.3896296708555456,0.8458396242433921,7.202679239473956,-0.009638270959186457,Z,Medium,1
-1.2336134240359058,-0.3832148369586158,0.7462485394318988,6.872830044131277,4.3153504915526195,Y,Low,0
-1.8985230300645715,0.5417376476161898,-0.6781524611975589,0.9575419866335766,0.8333290998851748,X,Medium,0
0.749013955074131,-0.21964501553375435,-0.15784202104008319,9.225724049058,0.3838418689643319,X,Low,1
1.5493409267710596,-0.6446759511634914,-0.5360817951208534,5.684722021568196,-0.4551726704464336,X,Medium,1
-0.7348037072103585,0.33121927873852836,2.8917029899567672,3.6372552113568424,-2.9071223846988015,X,Low,0
-1.6566925195595903,1.6181924894390771,0.27835816644536276,7.565385834953067,-4.962803391819408,X,Medium,0
-0.32516273242162486,0.4614248329585187,-0.8394815912727899,2.5736545840163405,-2.5849377314393873,Y,Low,0
-0.9371170452387332,1.3009415130316988,1.3221671462211262,6.935098370463204,0.09723171603565195,X,Medium,1
-0.6503156798620929,-0.5776142178649032,,0.3971120757224722,-1.2004004774024746,X,Medium,0
0.6103736997252851,-0.008362111124060725,1.791670710523534,8.39408037609272,-0.5151477199736618,Z,Medium,1
-0.050463047402838246,-0.028551984535682258,2.087993682510094,4.481708470213185,4.806482195640495,X,Low,0
-0.8295075588820175,0.11867908406769122,0.7077148828661287,6.3669291435794175,-1.497276293306724,Z,High,0
0.588500786261195,0.44051960638091603,-0.349851743778128,2.212378198066837,-0.47817060639892084,Z,Medium,0
0.6668723450757911,-0.9189691210547781,-0.2026167676043195,6.770737126584479,-3.6648444864718046,Z,Medium,1
-0.3370574860446252,0.6473326855134786,-0.2920753016065431,7.722402758932766,-4.520422675630123,Y,Low,1
0.13791652091806014,-1.6278859389552167,-0.40375536717902655,4.732131868843988,2.7540951459249463,Y,Medium,1
0.5205018830769746,-1.3357566625066817,1.2399368072885906,6.177269240617943,0.7068317507197861,Z,Medium,0
0.42610313098339714,2.1356261011732305,0.0007209069359758764,4.563259238223986,2.6070480604389505,Y,Medium,1
0.040614086965532745,-0.510120739478876,0.9714218648162062,8.940913692578455,-3.5013720111344835,X,Medium,0
1.4325861182252961,0.7295193509862021,0.6765165547809898,4.978691805143192,0.7182877118269095,Y,High,1
0.5826808130151858,1.6982903924269561,-1.0986549631220837,8.41808709028819,-2.4635752565862443,X,High,1
-0.45067901649773273,-2.314456078778476,-1.7171766698622837,8.013520582702485,-2.719381830999801,X,Medium,0
-0.44466906769890485,1.1262461801557098,-1.236662966685065,4.105048213483565,-4.884739859470147,Y,Medium,1
-0.5580863501366736,0.648943606259271,-0.4267063677307888,2.30084491857475,-3.696592764309281,Y,Medium,0
0.6321209472278112,1.6403972809330398,0.1343281002678751,4.0608213255977095,-1.9073188850030465,Z,High,1
-0.6227475600019066,-1.1815231616646271,-0.6483003273443845,8.262173757752201,-3.8312123940906098,Y,High,0
-0.4248990892028066,1.4512546569546128,0.7030651467411015,2.2763253581939233,4.858584404109376,Y,Low,1
1.0580223881158126,-0.7394144316026904,-0.5276851944169594,5.244363458577493,-1.913673514760493,Y,Low,1
0.19163196206738903,1.0547778142766568,0.25695743818394445,8.060967479607475,-3.696760532976718,X,Medium,1
1.1985326271211874,-0.03602103575443992,0.11758168066188653,3.5347747512837877,-3.0091768717204226,X,Medium,1
0.7980598733523421,0.7707688064351387,1.7344330917873865,6.422096370026974,0.8770322834147652,X,High,1
-1.1766718290700633,0.04886918330515309,-0.9752409251002728,2.4563157404881455,-4.3595647613521145,Z,Medium,0
-0.10213305824070133,-1.839401584186729,2.208419091154705,1.0927944536815992,3.624341301411569,Z,Medium,0
0.9899490399685423,-3.120544022943797,-0.5943498527396046,7.943842250928563,4.614996792371473,Z,High,1
-1.2221760651510123,0.20991553398349078,-1.3400568903608094,0.9896862340870682,-2.532525793326191,X,High,0
0.41971082035867624,-0.2637350376313479,-0.2169149904265378,2.7138139507958456,-0.49904731409140624,Y,High,1
-0.03923647369874391,0.3982209514202937,3.2401391486368074,8.5510942199744,-4.778655489705029,Z,High,0
-1.7547887421223871,-0.2521534658435748,0.8952052350186248,3.464692870786672,1.4071022472722152,Z,Low,0
0.11965930451893353,2.0180773827178204,0.6029641034412616,9.73045349514161,-0.8607394194741111,X,High,1
-0.8374680161265329,0.23053712782830446,0.7951868616415204,9.797343347738597,-2.299415338984443,Z,High,0
-1.167651782116426,-0.44694772758266543,-0.7695934645023071,2.682760204535567,-2.9316288938339152,Y,Medium,0
0.009140675822632775,0.3373630663468662,0.3260443763658592,0.4097822224989045,1.5402307765876042,X,Medium,0
-1.9308529392530067,-0.42867479688130566,0.0025023003171226327,7.050632842053791,-0.8378296896768553,X,Medium,0
-0.6742902925848823,0.09293023411398735,1.8090667486444099,4.509865026483437,-3.20340710970088,Y,Low,0
2.5511742525026477,-1.2174801872358345,-0.10868771658665245,1.0075284395957629,1.8910908148682406,Y,High,0
0.6502223934069432,-0.008585201859605372,-0.37827654457740845,7.075228189780428,0.6507228303669361,Y,High,1
-0.8814249061673531,-0.4778523960351749,-1.1647993973691224,0.31174909111921223,3.586720549294961,,Low,0
1.4041659401003963,-1.1227366253686797,0.14001448687561519,8.701966904922422,-3.8252410112350708,Y,High,1
-0.9920435607771338,1.9757358680726422,0.292951833518835,1.3865252911330372,2.856666019444561,,Medium,1
-0.5536951531354725,-1.0837353699401662,-1.2015881881405177,1.27311878746725,1.7351678681725904,Y,Low,0
-1.1488514099292881,0.006964223441937532,0.4531636040605758,1.7567229796858452,-3.849890631719022,X,High,0
0.2560798786660208,-0.8028080349487572,,9.602663584920666,1.9482072987172074,X,Low,1
1.3686296220971284,0.29703947087987503,1.013445759883764,6.93169360253846,-0.5845271112016963,Z,Low,1
-0.9990062325598563,-1.2743851344689174,1.2123681179019035,8.013715354636368,4.449847855558431,Y,High,0
-2.060443037409089,0.8403568239355511,0.09427929361427935,3.97634985732753,-3.583886493821007,Z,Medium,0
1.0909666745194195,2.0361561863588413,-1.0363648841320956,3.3631272750495556,1.4283339081573798,Y,High,1
1.5538005010876805,-0.8395392371006698,-0.8306215805446449,2.3448400678316994,-1.1801995453705407,Y,High,1
-1.995080466414733,1.2169688626813207,1.762127663079091,4.806480283124089,4.568146705908777,Y,Medium,0
0.46005434144644425,-0.38187934439569,0.16548939312256028,5.518287335341685,-1.7002510470972352,Y,High,1
0.22650535211528855,1.5057911210760857,1.7461537795510573,6.317748436527554,4.621859094918001,Y,High,1
-0.7874753048877547,2.188498986095991,0.4986048184872299,2.571185039986945,4.014858511007491,X,High,0
-1.394355666669233,-0.23370501170845875,0.7537356371784484,9.486540809029906,-2.2961676468934367,X,Low,0
0.9917503454465558,-1.5202660808946518,,1.6975849820713584,3.035417768264278,Y,Low,0
0.17907053145719495,0.9480843874360897,-1.2231388144094233,9.656531747664124,4.95604201803506,X,Low,1
0.25442645742672076,0.22441720794411618,0.30695075011252615,0.14856122507503788,-2.4733699782871765,Z,High,0
-0.6217693528332011,0.5017911677776411,-1.2369989013620626,4.811256918168456,-0.6322283067668035,Z,Medium,1
-0.8019092044499575,-0.3398450418443653,-0.28491234787746483,3.333678381165628,0.20180736566759627,Z,Low,0
-2.4549735412739464,-0.8844928186606991,0.6401696361230503,4.491234139302508,-2.050688641961357,Y,Medium,0
-0.22802802978487915,1.1603481809669742,-1.0253338905324527,5.70664578980789,-4.847351603539702,Y,High,1
1.4388263794542226,0.31978999455603274,0.5593373245276719,4.35589158012709,-2.7987075580247334,X,Low,1
-0.8902544200486536,-1.4435570341837254,-1.4983689854658357,4.14846850301595,-2.1806311565824155,X,High,0
-1.5224146942667398,0.6868752232028936,1.1433198239615687,7.327234154133065,-0.564002986818128,X,Medium,0
0.43566456645700186,0.4861685979665005,-0.6644371821053475,6.8587627508646465,-3.2889752158659813,Z,Low,1
0.6200799984463362,-0.3252989243235641,-1.0271174242187837,8.332712820358479,3.7325435669167266,Z,Low,1
-0.5859059606811758,1.619813234242322,-1.4353559159910807,2.4995898123949556,2.049111327313361,,Low,1
-0.34876446469964173,-0.6181731623472644,-0.5793538328376587,6.095285097540636,-4.14799522440338,Z,Low,0
0.26390311721875853,-0.16898649815484168,-1.9076118069567995,5.851947853928539,1.5009245113993144,X,Medium,1
-0.15554946862932667,0.7686480879681981,-0.5483991391083297,3.6973781087268875,1.5365647640562043,Y,Low,1
1.0001293357539818,0.0767629503307216,1.0994870253330813,4.860575419026809,4.562211736436277,Y,High,1
2.4372425759242193,-1.3844231543584364,-0.18871159973983392,3.1378214330572876,-4.9697912864383875,Z,Low,1
-1.7091635551904558,0.18379937299342966,-1.1775186159066409,1.418443976169852,-2.520675501941928,Y,Medium,0
1.2297551305579804,-0.4143897919652327,0.2262633165688082,2.138012106627328,4.277914793753155,Y,Low,0
0.10525970102333387,0.8569962449162634,0.1378957758749067,1.0551364640120109,4.32133915398283,Y,Medium,0
1.3882009388541612,0.15121834399513978,1.9566099625857163,6.830695751901241,2.2058641937063737,Z,Medium,1
0.7243545112656794,0.09450765304739081,0.790721018540406,6.607273931091515,2.6576332104753995,X,High,1
0.061156459935711685,-1.0482511637190517,0.30559812717284496,9.506063715798728,-4.085170420703529,X,Low,1
0.7600229424410339,-0.2300253079140055,0.9050665483595475,7.296784136472413,0.13875834778233642,Y,Low,1
-0.3941557711847975,0.9701010940126534,-0.13438106818006249,0.5204583875613145,-2.6841700871100063,X,Low,1
-0.7743014221048548,-0.776536344541371,-0.07541318090619945,8.842451739289542,-3.1878195638638274,,High,0
0.8108631155983491,-0.03255022308771416,1.6589403034315653,8.626751629457258,3.1030329912333254,Z,High,1
-0.8443284487895042,-0.9364460516490096,-1.635579026816248,4.4332032077269865,-3.6496186331945255,Z,Medium,0
0.6423725916415679,-1.1838426410516691,0.9679455131409394,5.858630505279216,-0.31348363003614743,Y,Medium,0
0.030747583087498632,-0.08485904498935258,-0.11079147568777581,9.760783324725189,4.38578239586033,Y,Medium,1
-2.329441651122576,0.17380116487733835,-0.291489421253352,5.323043638481662,-3.1416794443465745,Y,High,0
-0.5743824504629396,1.9938629392325948,-0.5528959336937127,9.053218283760899,4.779934237382346,Z,High,1
0.3348381950246217,-0.455460383846209,0.15367402056418814,0.8303875781018644,4.94287985761059,X,High,0
-0.40600066390849227,-0.050169267633882464,-0.04352946650466633,1.9105186870868285,0.5561715468240287,Z,Medium,0
-2.5467321117621853,-1.2500735179709248,-0.4147023867269672,4.407549434413179,-3.2985725982284206,Z,High,0
1.3207501278261604,0.6122400149069139,-0.7026577451166509,5.847568083373047,-1.8389511205910436,X,Medium,1
0.1693750512716112,0.3980947793532806,-1.9053304524509354,8.162278518628002,-0.7550716732346485,X,Medium,1
0.4437392912698055,1.4883946776914283,-0.7238037443516702,9.882621151431868,-1.906757756417771,Y,Low,1
-0.4732761521782438,1.1116221515087088,-0.5122951462609718,3.888514964741164,-2.193644201234842,X,Low,1
0.5314896881466579,0.35140666884228294,0.151231072166842,0.47415636140084927,4.722297092163576,X,Low,1
1.8348201445867027,-0.47007149958870037,1.9630858846815047,8.011715032953248,-3.466351725842544,X,Medium,1
-0.7350729836273578,0.2046684378900604,,6.0438071908280815,2.3332790871686226,X,Low,0
1.667012705357071,-0.11101346213176101,-1.02373085374717,1.9854285886820167,-4.995897105608251,Y,Low,1
0.3985640658920072,0.9533975332379796,-0.7144960913030979,4.948284566214202,0.9618266940237685,Y,Low,1
-0.8694327480368637,0.8262314899624682,0.15334476760211485,7.4231024553372436,4.159430039540524,X,High,0
2.2123906375910085,-0.2964154436547553,0.5886354597962726,7.704117870686438,-2.12065905906781,X,Medium,1
0.39164023988893254,-1.4619937798268778,0.7283452130695429,4.99618411998762,-3.144740247422808,Y,Low,0
0.6764786687730411,1.3333873002204246,0.8277079982342662,3.0521453012885913,1.5167979487842693,Y,High,1
-0.26935210472675786,0.581873956823205,0.9692305876119747,9.737425820384935,2.1260140729839314,X,High,1
-0.7963266453295174,-0.319490070572669,-0.27888363747316974,6.633626109564928,1.880305189519813,Z,High,0
0.16781324467578934,0.5428733481036709,2.0531401837412075,4.082375193462987,-1.8068311997862594,Y,Low,0
1.5814637234833284,0.07486130625002908,-0.35476852115876417,2.804632242046524,-2.4779759784066915,Y,High,1
-0.30965981218568894,1.3186179262194737,0.10934057634090907,7.311029830035621,4.559187999620441,Y,Medium,1
-0.02675124557413819,-1.9297802318050268,1.2958270717726919,2.421834455937677,4.232995082699295,X,High,0
1.456328471979585,-0.39719096651343244,0.5664250279877657,1.7170998897368817,-0.426833901071797,X,High,1
-0.3003268458042407,1.5990545154786884,-2.2408467440227384,5.298338889620703,3.4619386615437335,Y,High,1
0.5102763111691208,0.5631984034673122,0.005635830296852785,2.8998739264414186,-0.4767652236570399,X,High,1
0.8773505067396974,1.772606668314208,0.8619647560864865,6.28905144923615,-0.7561098192748963,X,Medium,1
-0.19678094887698314,-1.2218070931634644,-1.343470279529558,1.1793867487423348,-3.4323705240070534,Y,Low,0
0.30983759319992266,1.0721967159384873,0.7506927951289866,6.5494110456732155,-0.7359394350802715,X,Medium,1
0.6611027776811732,1.012224423453833,0.39015394001345316,2.832965279977022,0.37416938599807015,Z,Medium,0
-0.4009151935441269,-1.681728535328834,1.183920483851373,0.0024293443451273156,-4.774956725713135,X,Low,0
0.8157651649899931,-0.29550228953308394,-0.691931322338641,1.2693605767417637,-0.5588699482459356,,High,1
-0.5469860834554389,-0.10652910519408315,0.9958934155892449,9.33615377835094,2.813562183952003,Y,Low,1
-0.675087578960491,-1.6195560287674056,0.1596082474008315,8.673546391153579,1.800460563742698,Y,Low,0
-1.527041060820457,-0.27460232652043887,1.7660503040522877,2.336090320362368,1.3515698886393501,Z,Medium,0
-0.5034623439010585,0.8731831407786059,2.786049937813325,7.783719045454912,4.0955542843720245,X,Low,0
-0.8155027018702209,-0.39092305952474016,1.5383304390525525,6.085715931739743,-4.8196799017476994,Z,High,0
-0.4008739562549743,0.24213315567402635,0.4805186781082244,9.709047114498695,0.5704758619223416,Z,Medium,1
0.6119926319144883,0.24937028272765205,2.3210039960618047,3.736056595340591,2.873488484097071,Y,High,1
-1.7256742533751028,-0.012143411138766203,0.6034780416679837,6.8146061251717125,0.4133538270126724,X,Medium,0
-1.974670894587108,-0.7051820240254287,-0.9079457135226163,0.6353572242391858,-1.7610444741962086,Y,High,0
-0.7490792166512826,0.6588139748838979,-0.03927330695157529,3.9624734681640597,-3.6374943490802214,Z,Low,0
0.461230493586657,-1.5870337615259915,0.7616721862950018,9.638176611881805,3.875630718161913,Z,Low,1
0.2888649470196864,0.008588138508182646,0.825954155620064,5.389808744501206,-0.2923760761239702,Y,Low,1
-0.7650623329109258,1.3854863405180886,-1.1252648898076596,2.878795033348446,3.7811519698570137,Y,High,1
1.1694082321564618,-0.4473732498412154,-1.0935322864596726,1.2027096312860686,0.8585212243316835,Y,Medium,1
-0.6584099351183408,-0.7273212215022773,-0.3413098462098483,7.035283401815304,1.741921166150008,Y,Medium,0
0.46245398612712674,0.7255161387753777,0.5345436134561904,6.448560434297268,3.042611543784501,Y,Medium,1
-0.36278632753417206,0.16343176058713194,0.6625625498799194,3.739387136037746,1.591555446001344,Z,Low,0
-0.8687763509936559,0.7454472820569326,0.1413051241048105,9.509413518658343,-1.019451593210623,Y,High,1
-0.6050667881147398,0.038498485695272235,-0.8344287335176476,0.22202812987850318,0.1363338392865101,X,Medium,0
0.734000384813558,-2.3882924507511794,1.7369429430193026,3.037238516318258,3.030455246758798,Z,High,0
0.3610251451427553,1.179913410425699,-1.0720580618430398,9.210694862995814,-1.263497036270158,Z,Medium,1
0.9681026637765426,2.0700263824782756,1.3023407448537614,3.2093543831944036,-1.118785432315029,X,Low,1
0.3609860825370816,1.2840410068362866,0.7388232834503655,2.522528338551704,-4.043098839419988,X,High,0
-1.6111694631742193,-3.5388577250697595,1.2803323038717285,5.3422040993124735,4.145844352217477,Z,Medium,0
2.114414834308793,0.4510882125055664,-0.44443329292291694,8.238017499205379,-4.089636850545583,Y,Medium,1
0.3751690140584689,-0.46674581057504627,-0.14265419808920418,1.0314676087836105,1.4820917744855588,Z,Medium,0
0.5146715543882296,-1.084243753611709,0.055042557281043424,9.430207096457362,-0.8680552119720231,Z,Medium,1
-0.3768376794965605,0.122732161638273,-0.4763977606015151,7.95072881181164,-0.9438060974455764,X,Low,1
1.1131782933007082,-0.14894729489972075,,1.8125025555155194,1.7955183657268394,Z,Medium,1
-1.0931075606001215,0.5086578042798411,1.5790894560712077,7.120079611981627,-4.329062673701213,Y,Medium,0
0.6098290776634929,0.05658018930545408,-1.296833847167973,3.8495872263755713,0.9370578295143464,X,Low,1
-2.0796332822470394,-1.120812106888977,-0.6572117082110901,4.022946780763187,2.720317859723548,Z,Medium,0
0.6772085213501834,-0.576601776742971,-0.7657453187062563,7.832900924388664,3.2821275788659428,Z,High,1
-1.0795504116394294,-0.7379585563250161,-0.09441826213604765,9.627848079807322,-3.294696106062247,Y,High,0
0.2769945204271254,-1.7164831767444462,-0.13552626897887088,1.2665587284719393,3.974190500781736,Z,Medium,0
1.3573404667461746,-1.3716446439538834,0.7723145844407059,4.206302368788194,1.5614609184744221,Z,Low,1
0.8227173745004389,-0.2110686698851942,0.03372310292137513,4.809416080843035,3.818548008206829,Z,Low,1
1.2243816701175614,1.423754075307279,0.3028832767193024,3.7631181695499762,-0.14719282889801732,Z,Low,1
1.1208484436478086,-0.5355570796987947,,3.6318912371622503,0.42033345097202,Y,Medium,0
-0.5242827429098788,-0.7574307747527896,,0.5226866756159654,4.1903827702867105,Z,Medium,0
0.5983301738078541,-1.181286806672826,0.7033130614575919,6.855386205626233,3.9990954335467173,Z,High,1
-1.7249168959418097,0.03053649499535071,-0.12232338213274517,4.362144171200454,-0.5183912663099797,Z,Low,0
-0.686936417944251,1.179259334610126,1.6463683960749977,1.9479380264392676,-2.2558736836431823,X,Medium,0
1.3926548882840513,2.0026827664085918,2.5416198467187923,8.160335023020684,-1.0682956543573585,Y,Medium,1
-0.3850368024262208,0.2853993767216869,0.7062309747670698,8.025607481516278,-1.1223567147025024,X,Medium,0
-1.8680018866707437,0.13999374263643455,0.22799116370906097,4.8639162808889385,-2.1313312501720603,X,Low,0
2.0136989173313573,-0.5434731072535431,0.6245823093172438,2.984506611477605,-2.314203956670334,Y,Low,1
0.5622502831697198,-0.37656662149101117,-1.1010330858836441,6.380927257964524,3.6106293647971945,X,High,1
0.7644782203057904,0.6291750910507029,0.18010546746541492,2.8815213577740306,-4.301380793153383,X,Low,1
-0.9804695349218977,-0.31487533206307944,-0.7313246069486086,2.3600793032371206,1.7761118209959417,X,Medium,0
0.28405657052987027,-0.16228244716741405,0.50997691724033,7.305146540263267,-3.2717994854354773,Y,High,0
0.2575749708891946,-0.025347274750424368,-0.7263593079771473,0.403252397209507,-1.5549410660593677,Z,Low,0
-0.8214848566236752,-0.5908281109074761,-0.34477744535889615,0.9476847103459396,-4.384569658651632,Y,Low,0
-0.1698196855231585,-0.07497925907755129,-1.8719709055230525,0.06788174023589777,-2.3002636314453797,Y,Low,1
-1.5004677127830177,-2.0194061287908016,-1.173245689947668,1.5294318647542615,2.6842107111724207,Y,Low,0
-0.34670953287600176,0.5488358830184623,0.3548738029360466,0.6899000871045946,3.850153245472587,X,Medium,0
0.9738462572598192,2.3517718389720548,,9.958023677799186,-2.7847284809763293,Z,Low,1
-0.7468482589920851,-0.5520436151630664,1.0637739837855766,2.888099699540896,-0.3645216074107811,Y,Medium,0
1.9072978364265534,0.3738371450016698,-0.9538890884133123,1.4926801266924727,-0.2967595206279361,Y,Medium,1
-1.4360915125350566,0.8515763202461846,0.45325450128577094,2.4099625799591795,3.7357530575973428,Z,Medium,0
-0.2601753497955941,1.2802152727174614,-0.7618756289717585,9.361255715401347,2.627990528758054,Z,High,1
-0.6564299636141254,-0.26432148874017936,0.3854697750335259,5.201602230243957,0.1307721836804987,Z,Medium,0
-0.18018083137286925,-1.8033172536887192,,3.648180963078569,1.7074720047177339,X,Low,0
1.3714747821409226,0.26723195084876283,-0.4531829756295582,8.733914579092193,3.4735505390936687,Z,High,1
-0.9844554964640968,0.128628690654427,-0.8462132852877351,3.9499027054903246,-4.904610459744551,,Low,0
-0.45127053092953,-0.34566637467600275,0.88323257530898,3.350085699576958,-0.9710996894995141,Y,Medium,0
0.6545057527231394,-0.13351212288434067,0.4622624644542042,2.072825225497356,4.0724316727707865,X,Low,1
0.09315877991765241,0.14368044501773122,-1.2325760546154823,3.7779682390941147,2.403130308439514,Z,High,1
0.1751749493090029,0.36176199210385035,-0.2031807366208805,3.1668435601692604,0.4284137433407462,X,High,0
-0.9652763395995575,0.3198097102399178,-0.7723178427228345,6.7730395929814105,0.2964452703513345,Z,Low,1
-0.07158347160249721,-0.21768565950112867,0.9502571938685426,2.895827046707271,-1.5222990239556222,X,Low,0
1.1315784515395237,0.38427883498595106,1.2715241476539387,5.771997464225614,0.20520533641514493,Y,Low,1
-1.6095209830809794,-0.2850308482748619,-1.4416451465108133,0.658921650319727,1.5538319946345327,X,High,0
-0.6973091506990274,0.6420255015353197,0.8267029743814808,1.9128915669651436,-0.8163696157120697,Y,Medium,0
-1.8155416295253364,-0.6274428354765009,-0.8232960692577094,4.074052716113488,2.1415314639217398,Z,Low,0
0.5369756969437411,0.07305819214956248,-0.25291677271931917,9.369492539086954,3.6123222726038584,Y,Medium,1
1.2254705453144694,-1.6237385821172297,0.032254229060957,3.7725198571569543,-3.4531515181513885,,High,1
-0.18340998729204272,-0.36991046945714723,1.8166061635554727,6.640741211998341,-0.4845297718257555,,Low,1
-1.0055200145152972,0.5674887211299786,-1.0038497270308853,2.5508722242139816,-0.9197990871491886,Y,Low,0
-0.9762464514545354,-1.0337348667080686,0.8347497226433022,1.2703357597323173,1.8746480404972807,Y,High,0
-0.2970572078727427,-0.32010047635008365,-1.1715044081696178,0.5853660008005013,-2.5013253474207064,X,Low,0
-0.30087204539152507,-2.4050695499102095,-1.2405935848407343,3.0541349854275133,1.4025091495227624,X,Medium,0
0.9118317785133704,-1.3680741085319892,0.02846344841915499,1.5766102679690797,3.774892417314881,Y,High,0
-0.668876034443013,-1.1064745561139018,0.021729490989722763,1.740104480161242,-0.8186840020637733,Y,High,0
0.4350783381858596,0.10175105077163865,-2.8323183184692535,7.6075930838695,4.110156999792201,Y,Low,1
-0.3054700292478684,0.33340901239271253,1.1595962893754976,0.15838070944874216,4.931637389334785,Y,High,0
-0.7447569552398373,-0.05605556594019711,-2.139114124430851,5.578101257354344,-3.9390795005204793,Z,Low,1
-0.33037606334097747,-0.38259338288737815,-0.14593743611330154,3.794613805934648,-2.6694681201514134,Y,Low,0
0.33653838187097995,-0.37910174834874727,1.3276154516053054,5.065499999085472,4.503797514820931,Y,High,0
0.9149333898817024,0.7160457490404942,2.209183966688679,5.628302372146029,4.583276864813868,Y,Low,1
-0.25197318715848965,0.2128198468830529,-0.3630498636885798,3.133676944572782,-4.022927246132415,Y,Medium,0
-1.2039381307977697,-0.33394559630536247,-1.4329490836170877,2.951088601842853,-4.850014996228634,Z,Medium,0
0.9997148032654405,1.2932994952412589,1.290548225767958,7.334018493349057,-3.3889997674357772,X,Low,1
-0.8981693831521145,1.9499750409961005,0.8651565501202622,8.712769881211571,4.960127833822483,X,Medium,1
0.2608231676775328,-1.2457424502336703,-0.48899228957847524,1.9258163245852788,-3.200003833893131,X,Low,0
-0.024832667703754394,0.5225100702105114,,0.9761876053514895,0.025476067220231435,X,Medium,1
-0.15857009234621902,3.089889607686385,-0.7173921636594315,8.977958063920259,3.48417726430511,X,High,1
-0.4869763001880067,0.28020554105019435,-0.34458653573463344,3.4989546364739867,-4.795983893117937,Z,Low,1
0.620148780415464,0.11544263616427654,0.3160681424016309,5.5131739066281416,1.0448898225845946,X,Low,0
-3.582062607487511,-0.055733939893613596,-0.5660145827367716,3.5954314452000347,-2.229745511303757,Z,Low,0
1.1364705083670374,0.4901815174907414,,1.2580233634605131,3.6233491643973164,Z,Low,1
-0.9125077743940353,0.7548991665498829,0.6412790194105756,5.893316449477281,-2.165388507359208,X,Low,0
0.40795690975064797,-1.2447668741691826,-1.4824141410588727,5.251408517696296,1.8675572028190892,X,Low,0
0.35502561793492887,-0.026483628288828647,-0.3759357199135793,2.029935591911972,1.7421963244739693,X,High,1
1.2749773820208183,-2.2694978644974095,-1.6759410190991015,4.518690446522778,-2.7850645114035997,Y,High,1
0.19774913553806917,-0.20931661662150006,0.10841247335290131,7.969475040156459,-4.652008001316499,,Medium,1
-0.8291091806340453,-0.9026885938220728,-1.9394054081418746,5.904261031078914,-0.907504262146027,X,Low,0
-1.6047549879109688,0.33917757913548424,0.8900101268264297,0.9691732706699485,-2.108068480341303,Y,Medium,0
-0.3488031548729745,-1.6563805271410257,-1.3146373957920054,5.480214972291351,3.0897774961370867,Z,Medium,0
-1.9581754288830124,-0.5123173104590948,-1.7725785653614543,7.027382992895869,3.0036418845534527,Y,High,0
-0.6284857063107556,0.9665442505206122,-0.3636132959016177,7.927034057807514,-0.42976047807374496,Y,Medium,0
-0.29263062033020526,-0.6763331514442502,1.7111072916770502,6.291175786342667,1.0651222532321896,X,High,0
-0.6899159780289247,-1.904935777417886,0.7111924534215757,1.5265816454078374,1.0425951598692516,Z,Medium,0
0.04177365736491215,0.2575331531289845,-1.9223141054539656,7.101732665901607,3.2715814842762327,Y,Low,1
-0.23610401091920777,-0.5865289930926361,-1.343125267644541,6.773418460815163,-0.7499758587680248,Z,Medium,1
-0.32768654132878194,-0.18588543607289654,-0.3956003732457072,0.2442688294063322,-2.2455332020949093,X,High,0
-2.4241506170373057,-0.7298695864625924,2.2383531617708616,4.117476675902432,-2.349650818594525,Z,High,0
-1.2947051806855492,1.974396744480029,-0.938954147968868,3.329502469623733,0.36192279282204165,Y,High,0
0.6426567318548759,-1.5580727358535134,-0.9308852437031945,6.694120642536435,-0.5085179726778746,Y,Medium,1
0.8042562729474444,2.8334956118942727,1.5274293868801814,2.161358123109207,-0.5987922901506382,Z,Medium,1
-1.8387767179789956,-0.39063653075135196,0.19490720526237576,5.9087192297425855,-4.088626609102928,Y,High,0
-0.8147181812341315,0.1834465762181352,1.0530000272987412,9.132059618141724,2.1860374069019564,Y,Low,0
1.0719653675991272,-0.5747964176044837,-0.7270995401759647,7.9780237220860775,-2.862633120180893,Y,Low,1
-0.7180388134051491,-0.6166335598554541,-0.1016358477290527,9.214577362165304,-3.0304636979127864,X,Medium,1
-0.11149078712511214,-0.7848299034326331,1.3156318621882446,9.7850596693269,-0.8724167972260659,X,Medium,0
1.4418053290159079,0.6012579620436356,-0.1448408767357999,0.10670127006162766,-2.722216583821986,Y,High,1
-0.3615773114433937,-1.4107996936270562,1.123053197526463,6.227412763774776,0.838582673080154,Z,Medium,0
-0.5047194101871159,0.3641085442426688,,4.128393977589065,-1.285366606655285,X,Medium,0
-0.15703669059262962,-2.184492735051809,-1.0396290784189188,8.598544903351218,-0.5108827740720994,Z,High,0
1.8534107978998282,0.2735287711417637,-0.01631721234602282,2.518147020091317,0.3716932160402884,Y,High,1
0.4462018362894799,0.8491426059321912,0.9813839922750334,9.810294891150761,-2.9646447751819514,Y,Medium,1
0.019081627779767917,-1.2745191073073694,0.6694161911868851,6.137079695437473,-3.442483771344702,Z,Low,0
-0.5243599556815834,0.6787426017187439,-0.04025289842082823,7.935374022288309,3.804219028736048,X,Medium,1
0.5388169281811231,0.05138541062432149,-1.8917143889714996,0.8559955282276832,-0.6627629716857895,Z,Low,1
0.6596997699307984,1.5984264553578396,,1.8345788475886504,-0.8790639036746084,Z,Low,1
-1.0731785094754698,-0.8552063823110898,-1.5833055896271162,7.5840367303420315,-4.643878497271585,Y,Low,0
0.6866281919461598,2.81598590372273,-0.5104422067665509,0.21986522039323608,-0.02023697412606751,X,High,1
-0.1511522866234305,-2.3907821543252377,-0.3771178736934479,8.168779858937828,0.5416972161100011,Z,High,0
0.02479863462860666,-0.3295038006361257,,0.13949018691911452,0.5884087095466652,X,High,0
-0.8842890029883183,-1.6985697106229332,1.022512793696016,6.5711883906127335,2.0703116932288435,Y,Medium,0
-0.39998202782890996,1.8510541768497661,-1.2637690772205423,3.6509392023180585,-3.2251816500898824,X,High,1
-1.030142265222829,-0.2617009938158365,-1.3705590420670095,6.1149485271919914,-2.4777686576938116,Y,High,0
